metadata.features.title	Features — Free POS, Inventory & Online Store
metadata.features.description	Discover Cashvio: free POS (cashier), inventory management, orders, customers, analytics, and a free online store — everything you need to run and grow your business.
metadata.register.description	Sign up for a free POS (cashier) and free online store. Manage sales, inventory, and customers today — free forever, no credit card required.
metadata.arabicPos.description	The only POS and online storefront built natively for Arabic-speaking businesses. True right-to-left interface, bilingual receipts, ZATCA-ready invoicing, and MENA payment integrations. Not a translation layer — built from the ground up for Arabic commerce.
metadata.omnichannelRetail.title	Omnichannel Retail Platform — One Dashboard for Physical & Online Stores
metadata.omnichannelRetail.description	Manage your physical stores and online storefront from one dashboard. Unified inventory, orders, customers, and analytics across every sales channel. Sell in-store, online, and via social media — all synced in real time.
metadata.inventoryManagement.description	Free inventory management software that tracks stock per product variant, per store in real time. Low stock alerts, purchase orders, supplier management, stock transfers, adjustments with full audit trail, and profit reporting — all included free.
metadata.freePos.title	Free POS System — 100% Free Cashier Software
metadata.freePos.description	Cashvio's free POS gives you a cashier screen, cash register, shifts, thermal receipts, and live inventory — free forever. Arabic & English, works offline, no credit card needed.
metadata.freeOnlineStore.title	Free Online Store — Create Your Store in Minutes
metadata.freeOnlineStore.description	Create a free online store synced with a free POS. No commission, no monthly fee, Arabic & English storefront, delivery zones, and coupons — free forever.
metadata.orderManagement.title	Order Management System — Every Sale in One Place
metadata.orderManagement.description	Track orders from your POS, online store, and manual sales in one screen. Fulfillment statuses, partial payments, digital receipts, and WhatsApp updates — free.
metadata.customerManagement.description	Customer profiles that start with just a phone number. Track visits, spending, store credit, addresses, and full order history — built into your free POS.
metadata.salesAnalytics.title	Sales Reports & Analytics — Revenue, Profit & Insights
metadata.multiStoreManagement.title	Multi-Store Management — All Your Branches, One Account
metadata.multiStoreManagement.description	Separate stock, prices, payments, and receipts per branch — one dashboard over all of them. Transfer stock between stores, limit staff per branch, compare reports.
metadata.tools.title	Free Tools for Merchants — Barcode, QR & Profit Calculator
metadata.barcodeGenerator.title	Free Barcode Generator — Code 128 & EAN-13 PNG
metadata.barcodeGenerator.description	Generate scannable Code 128 or EAN-13 barcodes and download them as high-resolution PNGs — free, no watermark, no signup. Built by Cashvio.
metadata.qrCodeGenerator.title	Free QR Code Generator — High-Resolution PNG
metadata.qrCodeGenerator.description	Create a QR code for your store link, WhatsApp, or menu and download a print-ready PNG — free, no watermark, no signup.
metadata.marginCalculator.title	Profit Margin Calculator — Margin, Markup & Selling Price
metadata.marginCalculator.description	Free calculator for merchants: enter cost and price to see profit, margin, and markup — or set a target margin and get the right selling price.
metadata.industryCafe.title	Cafe POS System — Free for Coffee Shops & Juice Bars
metadata.industryClothing.title	Clothing Store POS — Sizes, Colors, Barcodes & Returns
metadata.industryMinimarket.title	Minimarket & Grocery POS — Barcode Speed + Credit Book
footer.newsletter.description	Product updates and practical tips for growing your shop — no spam.
footer.newsletter.success	You're in — we'll keep you posted.
home.hero.subtitle	A free POS (cashier), a free online store, and everything in between — inventory, orders, customers, and reports in one place. Sell in-store, online, or both.
home.hero.eyebrow	Cashvio — everything your shop needs
home.hero.screenCaption	Live view — your dashboard
home.hero.receipt.number	NO. 000001 — YOUR SHOP
home.howItWorks.step1.description	Sign up in under 2 minutes with just your email and phone number. No credit card required — your free forever plan is ready instantly.
home.howItWorks.eyebrow	NO. 02 — YOUR FIRST DAY
home.features.subtitle	Powerful tools designed for modern commerce — from your first sale to your hundredth store
home.features.eyebrow	NO. 01 — WHAT YOU GET
home.features.lineValue	INCLUDED — 0.00
home.mobileApp.eyebrow	NO. 04 — IN YOUR POCKET
home.mobileApp2.description	Manage your entire product catalog, track inventory levels, and set custom pricing—all from your mobile device.
home.ordersShowcase.description	Handle orders from any sales channel — POS, online storefront, phone, or social media. Track fulfillment, manage payments, process returns, and keep a complete audit trail of every action.
home.analyticsShowcase.feature3.description	Know exactly which channels — Facebook, Instagram, WhatsApp, walk-in — drive the most revenue and orders.
home.productShowcase.eyebrow	NO. 03 — SEE IT IN ACTION
home.ticker.lines[0]	09:14 — 2× Espresso — EGP 90 — PAID
home.ticker.lines[1]	09:31 — Order #1042 shipped — Cairo
home.ticker.lines[2]	09:48 — Stock alert — Blue T-shirt (M) — 3 left
home.ticker.lines[3]	10:15 — New customer — Sara A.
home.ticker.lines[4]	10:40 — 1× Leather wallet — EGP 450 — PAID
home.ticker.lines[5]	11:05 — Shift opened — Register 2
home.ticker.lines[6]	11:22 — Refund approved — Order #0997
home.ticker.lines[7]	11:48 — 3× Notebook — EGP 120 — PAID
home.ticker.lines[8]	12:03 — Stock transfer — Downtown to Mall branch
home.ticker.lines[9]	12:30 — Daily target reached — EGP 5,000
home.endOfDay.eyebrow	NO. 05 — END OF DAY
home.faq.eyebrow	NO. 07 — QUESTIONS
home.faq.q2.answer	Yes — a full free POS: sales screen, cash register, shifts, and receipts in Arabic and English.
home.faq.q4.answer	No — sign up with your email and phone number only.
home.faq.q6.answer	Yes — keep selling offline and everything syncs when you're back online.
home.testimonials.eyebrow	NO. 06 — FROM THE COUNTER
home.testimonials.subtitle	From the register to the online store — the parts of the day it takes over.
home.testimonials.items.t1.quote	I stopped writing orders in a notebook. The register, the stock, and who owes me what — all in one screen.
home.testimonials.items.t1.author	Minimarket owner — Cairo
home.testimonials.items.t2.author	Clothing boutique owner — Alexandria
home.testimonials.items.t3.quote	The Arabic isn't a bolted-on translation. Receipts, dashboard, storefront — everything reads right.
home.testimonials.items.t3.author	Cafe owner — Giza
pricing.faq.q5.answer	Yes. Cashvio includes a free POS (cashier) on the free forever plan — sales screen, cash register, shifts, and receipts. No credit card required. See our Free POS page for details.
pricing.faq.q6.answer	Yes. You can create a free online store synced with your free POS — no commission and no monthly fee on the free plan. See our Free Online Store page for details.
pricing.matrix.subtitle	The free plan is a complete system. Paid plans raise the limits as you grow — exact numbers are on each plan card above.
pricing.whatsapp.subtitle	Message us on WhatsApp — we'll help you pick the right plan in minutes.
alsoFree.subtitle	Start with a free POS and a free online store — no credit card required.
contact.info.whatsappDescription	The fastest way to reach us — questions, demos, or help getting set up.
privacy.sections.scope.content	The Services are operated by Cashvio Technologies ("Cashvio", "we", "us", or "our"), headquartered in Cairo, Egypt.\n\nWe act in two distinct roles. For the personal information of merchants, their staff, and visitors to our own websites, we are the data controller — we decide how and why that information is processed. For the information that merchants store about their own customers (such as customer profiles and purchase history), we act as a data processor — we process it only on the merchant's behalf and instructions, as described in the section "Your Customers' Data" below.
privacy.sections.collection.items[0]	Account information — your name, email address, phone number, password (stored only in hashed form), preferred language, and profile settings.
privacy.sections.collection.items[1]	Business information — your business name, store names and addresses, business type, tax and registration details, logo and branding assets.
privacy.sections.collection.items[2]	Transaction and operations data — orders, invoices, receipts, refunds, payment methods used, product catalogs, inventory movements, shift records, and reports generated from them.
privacy.sections.collection.items[3]	Billing information — the subscription plan you choose and billing history. Card payments are processed by licensed payment providers; we never store full card numbers on our servers.
privacy.sections.collection.items[4]	Customer records you create — information about your own customers that you enter into the platform, such as their names, contact details, purchase history, balances, and store credit.
privacy.sections.collection.items[5]	Device and usage data — IP address, browser and device type, operating system, pages visited, features used, referral URLs, timestamps, and crash or error diagnostics.
privacy.sections.collection.items[6]	Cookies and similar technologies — as described in the "Cookies and Analytics" section below.
privacy.sections.collection.items[7]	Communications — messages, support requests, feedback, and recordings of support conversations where permitted by law.
privacy.sections.usage.items[0]	Provide and operate the Services — creating your account, running your point of sale and storefront, processing orders, and syncing your data across devices.
privacy.sections.usage.items[1]	Secure the platform — authenticating logins, enforcing permissions, detecting and preventing fraud, abuse, and unauthorized access.
privacy.sections.usage.items[2]	Support you — responding to your questions, troubleshooting problems, and notifying you about incidents that affect your account.
privacy.sections.usage.items[3]	Improve and develop — analyzing aggregated usage patterns to fix issues, improve performance, and build new features.
privacy.sections.usage.items[4]	Communicate — sending service announcements, security alerts, billing notices, and (with your consent or where permitted) product news and offers you can opt out of at any time.
privacy.sections.usage.items[5]	Comply with the law — meeting our accounting, tax, and other legal obligations, and responding to lawful requests from authorities.
privacy.sections.usage.footer	We do not use your business data — such as your sales figures, margins, or customer lists — to compete with you, and we never sell it to third parties.
privacy.sections.customerData.content	When you record information about your own customers in Cashvio — for example a customer profile, order history, or store credit balance — you are the data controller of that information and we process it strictly on your behalf.\n\nWe process such data only to provide the Services to you, never for our own marketing, and we do not contact your customers except as needed to deliver features you actively use (such as sending a digital receipt at your request). You are responsible for collecting your customers' data lawfully, informing them about how it is used, and honoring their privacy requests. If a customer contacts us directly about data you control, we will refer them to you and provide reasonable assistance.
privacy.sections.sharing.items[0]	Service providers — companies that help us run the platform, such as cloud hosting, payment processing, email and SMS delivery, push notifications, and analytics. They may only use the data to provide their service to us and are bound by contractual confidentiality and data-protection obligations.
privacy.sections.sharing.items[1]	Payment providers — when you or your customers make a payment, the transaction details are shared with the licensed payment provider handling it.
privacy.sections.sharing.items[2]	Legal requirements — when required by applicable law, regulation, legal process, or an enforceable governmental request, and only to the extent required.
privacy.sections.sharing.items[3]	Protecting rights and safety — to enforce our terms, investigate fraud or security issues, or protect the rights, property, or safety of Cashvio, our merchants, or the public.
privacy.sections.sharing.items[4]	Business transfers — if Cashvio is involved in a merger, acquisition, or sale of assets, your information may be transferred as part of that transaction. We will notify you before your data becomes subject to a different privacy policy.
privacy.sections.sharing.items[5]	Aggregated or anonymized data — we may share statistics that cannot reasonably be used to identify you or your customers.
privacy.sections.security.items[1]	Passwords stored using strong one-way hashing — we can never read your password.
privacy.sections.rights.items[0]	Access — request a copy of the personal information we hold about you.
privacy.sections.rights.items[1]	Correction — ask us to fix inaccurate or incomplete information.
privacy.sections.rights.items[2]	Deletion — ask us to delete your personal information, subject to legal retention requirements.
privacy.sections.rights.items[3]	Portability — receive your data in a structured, commonly used, machine-readable format.
privacy.sections.rights.items[4]	Objection and restriction — object to or ask us to limit certain processing.
privacy.sections.rights.items[5]	Withdraw consent — where processing is based on consent, withdraw it at any time without affecting prior processing.
privacy.sections.rights.items[6]	Complain — lodge a complaint with your local data-protection authority.
terms.sections.eligibility.content	To use the Services you must be at least 18 years old, capable of entering into a binding contract, and using the Services for business purposes. When you register, you agree to provide accurate, current, and complete information and to keep it up to date. We may refuse registration, or reclaim usernames or subdomains, where reasonably necessary — for example, where information is false, infringes the rights of others, or is reserved for platform use.
terms.sections.services.items[0]	Change the free plan — add, change, limit, or remove any feature or capacity included in the free plan at any time, at our sole discretion and without compensation.
terms.sections.services.items[1]	Temporarily suspend features on any plan — suspend, hold, limit, or disable any feature on any plan, free or paid, where reasonably necessary — for example to resolve technical issues, perform maintenance, roll out enhancements or upgrades, or protect the security and stability of the platform. We will work to restore availability promptly and, where practicable, announce planned work in advance.
terms.sections.services.items[2]	Add free features — add new features or capacity to existing free or paid plans at no extra charge. Such additions do not change your fees, do not entitle you to a refund, and may later be modified, moved to a different plan tier, or withdrawn.
terms.sections.accounts.items[0]	Use strong passwords and keep credentials confidential — never share accounts between individuals.
terms.sections.yourData.content	You own your business data — your products, orders, customer records, reports, and other content you create in or upload to the Services ("Merchant Data"). You grant us a limited, non-exclusive license to host, process, transmit, back up, and display Merchant Data solely as necessary to provide and protect the Services.\n\nWe maintain regular backups and take the security measures described in our Privacy Policy. You can export your data through the tools we provide. Following termination of your account, we will make your Merchant Data available for export for at least 30 days, after which we may delete it, except where retention is required by law.
terms.sections.ip.content	The Services — including all software, design, trademarks, logos, and documentation — are owned by Cashvio or its licensors and are protected by intellectual property laws. These Terms do not grant you any rights in the Services other than the limited right to use them in accordance with these Terms.\n\nIf you send us feedback, ideas, or suggestions, you grant us a perpetual, irrevocable, royalty-free license to use them without restriction or compensation — we may use your feedback to improve the Services for everyone.
terms.sections.availability.content	We work hard to keep the Services available around the clock and design our infrastructure for high availability. However, the Services may occasionally be interrupted — for scheduled maintenance (which we will endeavor to announce in advance), emergency fixes, or causes beyond our reasonable control such as failures of hosting, telecommunications, or power providers.\n\nWe provide support through the channels published on our website. We do not guarantee uninterrupted or error-free operation, and you should maintain appropriate business practices (such as reviewing your reports and reconciling transactions) independent of the platform.
terms.sections.termination.content	You may stop using the Services and close your account at any time.\n\nWe may suspend or terminate your access to the Services if you materially breach these Terms, if your use creates a security risk or legal exposure for us or others, if required by law, or if your account remains unpaid after reasonable notice. Where practicable, we will notify you and give you an opportunity to remedy the issue before termination.\n\nUpon termination: your right to use the Services ceases; fees owed remain payable; and the data export window described in "Your Data and Ownership" applies. Sections of these Terms that by their nature should survive termination — including ownership, disclaimers, limitation of liability, and governing law — will survive.
features.categories.capacity.description	Grow your business without constraints — scale as you need
features.solutions.inventoryManagement.description	Track every product variant in every store in real time. Low stock alerts, purchase orders, supplier management, and a full audit trail — free forever.
features.solutions.freeOnlineStore.description	Create a free online store synced with your shop — no commission, no monthly fee.
features.solutions.orderManagement.description	Every order from the counter, the website, and the phone in one list — with statuses, payments, and WhatsApp updates.
features.solutions.customerManagement.description	Profiles with visits, spending, store credit, addresses, and full order history — starting from just a phone number.
features.solutions.salesAnalytics.description	Revenue, profit, best sellers, peak hours, and staff performance — with recommendations in plain words.
features.solutions.multiStoreManagement.description	Separate stock, prices, and settings per branch — one dashboard, stock transfers, and per-store reports.
features.solutions.teamManagement.description	A login for every employee with exactly the access their job needs — and a record of who did what.
features.screenshot.caption	Live view — dashboard
features.sectionShots.modules.caption	Live view — product catalog
features.sectionShots.solutions.caption	Live view — POS on web
features.sectionShots.solutions.companionCaption	Live view — POS on mobile
features.sectionShots.operations.caption	Live view — inventory on web
features.sectionShots.operations.companionCaption	Live view — inventory on mobile
features.sectionShots.functional.caption	Live view — analytics
features.sectionShots.capacity.caption	Live view — stores
couponsAndDiscounts.features.subtitle	A complete coupon engine built into your retail and e-commerce workflow — no third-party tools, no spreadsheets, no guesswork.
couponsAndDiscounts.features.items.minimumCart.description	Require a minimum order subtotal before a coupon can be applied. Use this to increase average order value — for example, offer 15% off on orders above 300.
couponsAndDiscounts.howItWorks.subtitle	Three steps from idea to live promotion — no technical knowledge required.
couponsAndDiscounts.omnichannel.storefront.description	Customers enter coupon codes in the checkout form on your online store. Validation happens in real time — the order summary updates instantly to reflect the discount. If a code is invalid, expired, or exceeds its limit, the customer sees a clear message explaining why.
couponsAndDiscounts.omnichannel.portal.description	When your team creates orders manually through the business portal — for phone orders, WhatsApp requests, or social media sales — they can apply coupon codes in the Order Summary section. The same validation engine runs here: store match, usage limits, cart minimums, and validity dates.
couponsAndDiscounts.strategies.items.newCustomer.description	Give new customers 10-15% off their first order. Set the per-customer limit to 1 so each buyer can only use it once. No expiry date needed — let it run as an evergreen acquisition tool.
couponsAndDiscounts.strategies.items.loyalty.description	Reward returning customers with an exclusive code. Set per-customer usage to 3 so they can benefit multiple times. No total cap — let your loyal customers keep coming back.
couponsAndDiscounts.faq.items.q7.answer	The coupon automatically becomes unusable — customers who try to apply it will see an error. The coupon stays visible in your list so you can view its history or increase the limit.
couponsAndDiscounts.cta.description	Create your first coupon in under 60 seconds. No credit card required — the free plan includes full coupon management.
couponsAndDiscounts.screenshot.caption	Live view — discount impact in analytics
arabicPos.hero.subtitle	Stop settling for tools that treat Arabic as an afterthought. Cashvio delivers a true right-to-left experience across your point of sale, online store, receipts, and reports — not a translation layer bolted on top.
arabicPos.problem.painPoints.noLocalPayments.description	Global platforms prioritize Stripe and PayPal while ignoring the payment methods your customers actually use — Mada, KNET, Tabby, Tamara, and local bank transfers.
arabicPos.solution.subtitle	Every screen, every button, every receipt was designed to work natively in Arabic from day one. When you switch to Arabic, the entire experience transforms — not just the text.
arabicPos.solution.points.mirroredInterface.description	Every element — navigation, data tables, form fields, action buttons — repositions naturally for right-to-left reading. No visual glitches, no misaligned layouts. Your staff see the system exactly as it was designed to be seen.
arabicPos.solution.points.arabicTypography.description	We use premium Arabic typefaces optimized for screen readability. Connected letters flow naturally, diacritics display correctly, and long text stays legible at every size — from receipt print to dashboard headline.
arabicPos.pos.title	A POS That Speaks Your Language — Literally
arabicPos.pos.features.receipts.description	Generate receipts with Arabic product names, properly formatted prices, and your store branding — all in one clean layout. Add English as a second language on the same receipt for international customers.
arabicPos.pos.features.shifts.description	Staff clock in, take breaks, and close registers with fully Arabic screens. Shift reports show earnings, transaction counts, and cash summaries — all formatted for Arabic readers.
arabicPos.pos.features.hardware.description	Connect thermal printers that support Arabic character sets. Print clear, properly formatted receipts directly from the POS — no garbled text, no missing characters.
arabicPos.storefront.subtitle	Your storefront is not just translated — it is rebuilt for Arabic shoppers. Product pages, cart, checkout, and order tracking all follow the natural right-to-left flow that your customers expect.
arabicPos.storefront.features.rtlShopping.description	Product grids, category navigation, filters, and sorting — every element is positioned where Arabic readers naturally look. Conversion rates improve because shoppers feel at home.
arabicPos.regions.subtitle	Whether you operate in Riyadh, Dubai, Cairo, or Kuwait City — Cashvio adapts to your local regulations, payment preferences, and business culture.
arabicPos.faq.q1.answer	Cashvio is built natively for Arabic-speaking businesses with a true right-to-left interface, bilingual receipt printing, ZATCA e-invoicing compliance for Saudi Arabia, and integration with MENA payment methods like Mada, KNET, Tabby, and Tamara. Unlike global platforms that bolt on Arabic as a translation layer, Cashvio's entire interface — from checkout to analytics — was designed for Arabic from day one.
arabicPos.faq.q5.answer	Global platforms like Shopify treat Arabic as an add-on through third-party translation apps, which results in broken layouts, misaligned elements, and poor Arabic SEO. Cashvio's storefront is architecturally built for right-to-left presentation — product grids, checkout flows, navigation, and all interactive elements mirror correctly. Arabic SEO is native with proper URL slugs, meta tags, and structured data in Arabic.
arabicPos.cta.title	Ready to Sell in Arabic — the Right Way?
arabicPos.screenshot.caption	Live view — Arabic POS on web
arabicPos.screenshot.companionCaption	Live view — Arabic POS on mobile
omnichannelRetail.hero.subtitle	Stop juggling separate systems for in-store and online sales. Cashvio gives you a single command center where inventory, orders, customers, and analytics are unified across every channel — physical stores, online storefront, social media, and more.
omnichannelRetail.problem.painPoints.doubleEntry.description	Every product update, price change, and stock adjustment has to be entered twice — once in your POS and once in your e-commerce platform. Errors multiply with every manual entry.
omnichannelRetail.solution.subtitle	Cashvio was built from day one as a unified platform — not separate products stitched together. Your physical stores and online storefront share the same inventory, the same customers, and the same brain.
omnichannelRetail.solution.points.unifiedCustomer.description	Every purchase — whether at the register, on the website, or via WhatsApp — ties to a single customer profile. See their total spending, store credit, visit history, and preferences in one view.
omnichannelRetail.solution.points.realTimeSync.description	Changes propagate instantly. Update a product price, add a new variant, or adjust stock — it reflects everywhere within seconds. No waiting for overnight sync jobs.
omnichannelRetail.channels.items.onlineStorefront.highlight	Built-in storefront — no third-party needed
omnichannelRetail.inventory.features.realTimeStock.description	Every sale, every return, every stock transfer updates your inventory count immediately. What you see is what you have — across all locations and all channels.
omnichannelRetail.inventory.features.multiStoreTransfers.description	Move stock between locations with tracked transfer requests. The sending store's count drops and the receiving store's count rises — automatically and instantly.
omnichannelRetail.inventory.features.lowStockAlerts.description	Set custom reorder points per product per location. Get notified before you run out — not after. Never miss a sale because an item went out of stock unnoticed.
omnichannelRetail.orders.title	Every Order in One Queue — From Any Channel
omnichannelRetail.orders.subtitle	POS sale, website checkout, WhatsApp message, or phone call — every order enters the same pipeline with the same fulfillment workflow.
omnichannelRetail.analytics.title	See the Complete Picture — Not Channel Fragments
omnichannelRetail.analytics.features.unifiedProfitTracking.description	Track cost prices, selling prices, discounts, and fees across channels. Understand your real margins — not what each silo reports independently.
omnichannelRetail.faq.q1.answer	Omnichannel means your customers get a seamless experience whether they shop in your physical store, on your website, or through social media. Behind the scenes, Cashvio unifies your inventory, orders, customer data, and analytics into one platform — so you manage everything from a single dashboard instead of juggling separate systems.
omnichannelRetail.faq.q3.answer	Yes. Cashvio supports cross-channel returns. A customer who bought online can return the item at any of your physical stores. The inventory restocks automatically, and refunds route to the original payment method — all tracked in one system.
omnichannelRetail.faq.q4.answer	No. Cashvio includes a built-in online storefront as part of the platform. You get product pages, a shopping cart, checkout, and order tracking — all connected to the same inventory and customer database as your POS. No third-party e-commerce subscription needed.
omnichannelRetail.faq.q7.answer	Yes. You maintain one product catalog with a base price. If you need different pricing per store location, you can set per-store price overrides. Any price change you make updates everywhere instantly — no need to manually update multiple systems.
omnichannelRetail.cta.subtitle	Stop managing separate systems. Start selling everywhere from one dashboard — free.
omnichannelRetail.screenshot.caption	Live view — omnichannel orders
omnichannelRetail.screenshot.companionCaption	Live view — orders on mobile
inventoryManagement.hero.subtitle	Track every product, every variant, across every store — in real time. Cashvio gives you per-variant, per-store inventory tracking, low stock alerts, purchase orders, supplier management, and a full audit trail. No spreadsheets, no guesswork, no monthly fee.
inventoryManagement.hero.cta	Start Free — No Credit Card
inventoryManagement.problem.painPoints.manualCounting.description	Counting stock by hand leads to mistakes. One miscount and your records are wrong for weeks — you only discover the error when a customer orders something you do not actually have.
inventoryManagement.solution.points.perVariantTracking.description	Every product variant — size, color, material — has its own stock count in each store. You know exactly how many "Medium / Blue" T-shirts are in your Downtown branch right now.
inventoryManagement.solution.points.fullAuditTrail.description	Every stock change is logged — who made the adjustment, what quantity, when it happened, and the reason. You can trace any discrepancy back to its source.
inventoryManagement.coreFeatures.subtitle	From barcode scanning to bulk adjustments, Cashvio covers every inventory operation your business needs — all included in the free plan.
inventoryManagement.coreFeatures.features.stockTracking.description	View current stock for every product variant in every store. Filter by store, search by product name or SKU, and see stock status at a glance — In Stock, Low Stock, or Out of Stock.
inventoryManagement.coreFeatures.features.transfers.description	Move stock between locations with tracked transfer requests. The sending store's count drops and the receiving store's count rises — automatically and instantly.
inventoryManagement.coreFeatures.features.bulkOperations.description	Adjust hundreds of stock levels at once. Record shrinkage, damage, or receiving in bulk — with full audit trails showing who changed what and when.
inventoryManagement.coreFeatures.features.optionalTracking.description	Not every product needs inventory tracking. Toggle tracking on or off per product. Items with tracking disabled are treated as always in stock — perfect for services or made-to-order items.
inventoryManagement.purchaseOrders.title	Restock Smarter — From Low Stock Alert to Shelf
inventoryManagement.purchaseOrders.subtitle	See which products are running low, create a purchase order to your supplier, and receive the stock — all in one system. Your inventory updates the moment products arrive.
inventoryManagement.purchaseOrders.features.trackStatus.description	Every purchase order moves through clear stages — Draft, Pending, Approved, Received, or Cancelled. Filter by store, supplier, status, or date to find any PO instantly.
inventoryManagement.purchaseOrders.features.receiveStock.description	When products arrive, open the purchase order and click Receive Stock. Confirm the quantities and your store inventory updates immediately — no manual stock adjustment needed.
inventoryManagement.purchaseOrders.features.supplierManagement.description	Keep all your supplier records in one place — company name, contact person, email, phone, address, tax ID, and payment terms. See every purchase order per supplier with full payment history.
inventoryManagement.multiStore.features.independentStock.description	Each store maintains its own stock count for every product variant. Your Downtown branch can have 20 units of a product while your Mall location has 5 — each managed separately.
inventoryManagement.multiStore.features.storePricing.description	Set different selling prices for different stores. Your airport location can charge differently from your warehouse outlet — all from the same product catalog.
inventoryManagement.comparison.subtitle	See what you gain by switching from manual tracking to a real inventory management system — at no cost.
inventoryManagement.comparison.rows.variantTracking.cashvio	Automatic — each size, color, variant tracked separately
inventoryManagement.comparison.rows.alerts.others	None — you discover stockouts at checkout
inventoryManagement.comparison.rows.auditTrail.cashvio	Every change logged — who, what, when, why
inventoryManagement.comparison.rows.auditTrail.others	No history — cell was overwritten
inventoryManagement.comparison.rows.cost.cashvio	Free forever — no per-user or per-store fees
inventoryManagement.faq.q2.answer	Every product can have variants based on options like size, color, or material. Each variant gets its own stock count in each store. For example, if you sell a T-shirt in sizes S, M, L across two stores, that is 6 separate stock counts — each tracked independently and updated automatically.
inventoryManagement.faq.q3.answer	Stock decreases automatically when an order is completed. If the order is cancelled, stock is restored. If a customer returns an item and the return is approved, stock increases — unless the item is marked as damaged or non-restockable. No manual adjustment is needed for routine transactions.
inventoryManagement.faq.q6.answer	No. Inventory tracking is optional per product. Products with tracking disabled are treated as always in stock — perfect for services, made-to-order items, or digital products. You choose which products need stock tracking.
inventoryManagement.faq.q8.answer	Yes. If you use Cashvio's built-in online storefront, inventory is the same system. When stock changes — whether from a POS sale, an online order, or a manual adjustment — the available quantity updates everywhere instantly. There is no separate sync process.
inventoryManagement.cta.title	Start Managing Inventory for Free — Today
inventoryManagement.screenshot.caption	Live view — inventory
inventoryManagement.screenshot.companionCaption	Live view — inventory on mobile
freePos.hero.subtitle	Get a complete cashier program for your shop — sales screen, cash register, shifts, receipts, and live inventory. 100% free plan, no trial period, no credit card.
freePos.hero.cta	Start Free — No Credit Card
freePos.hero.trust	A real free plan — not a 14-day trial
freePos.problem.painPoints.internetOnly.description	If the internet drops, the register stops — and you lose sales while customers wait.
freePos.solution.subtitle	Everything you need to sell in your shop is in the free plan — and it stays free.
freePos.solution.points.fastSetup.description	Sign up, add products, and sell. Works on any computer, tablet, or phone — no special hardware.
freePos.features.items.receipts.description	Print thermal receipts or send a digital receipt link — in Arabic or English.
freePos.features.items.reports.description	See today's sales, best products, and profit — from your phone.
freePos.comparison.rows.price.cashvio	0 — free forever
freePos.faq.q1.answer	Yes. The free plan is free forever — cashier screen, receipts, inventory, and reports included. You only pay if you need advanced features or higher limits.
freePos.faq.q5.answer	Yes — full Arabic interface, Arabic receipts, and right-to-left design. Each employee chooses their own language.
freePos.cta.subtitle	Sign up in 2 minutes, add your products, and make your first sale — free.
freePos.screenshot.caption	Live view — POS on web
freePos.screenshot.companionCaption	Live view — POS on mobile
freeOnlineStore.hero.subtitle	Create a free online store in minutes — your products, prices, and stock sync automatically with your shop's cashier. No commissions, no monthly fee, no coding.
freeOnlineStore.hero.trust	Free forever plan — no commission on your sales
freeOnlineStore.problem.painPoints.commissions.description	Some platforms take a cut of every order — the more you sell, the more you lose.
freeOnlineStore.problem.painPoints.deliveryChaos.description	Orders arrive by phone and chat with no system — addresses get lost and orders are missed.
freeOnlineStore.solution.points.oneInventory.description	Stock updates the moment you sell — in-store or online. No overselling.
freeOnlineStore.features.subtitle	Your free store comes complete — not a stripped-down demo.
freeOnlineStore.features.items.catalog.description	Photos, variants (size, color), prices, and categories — organized and searchable.
freeOnlineStore.posLink.items.orders.description	Online orders and shop sales in one screen — nothing gets missed.
freeOnlineStore.posLink.items.reports.description	See your whole business — shop plus online — in one daily report.
freeOnlineStore.comparison.rows.price.cashvio	0 — free forever
freeOnlineStore.faq.q4.answer	Yes — a real right-to-left Arabic storefront, English, or both together.
freeOnlineStore.faq.q8.answer	No. Add products with photos and prices and share your store link — that's it.
freeOnlineStore.cta.subtitle	Your products online in minutes — synced with a free cashier for your shop.
freeOnlineStore.screenshot.caption	Live view — product catalog on web
freeOnlineStore.screenshot.companionCaption	Live view — product catalog on mobile
orderManagement.hero.subtitle	Orders from your counter, your online store, and your phone all land in one list. See what needs preparing, what is out for delivery, and who still owes you money — then send the customer a WhatsApp update in one tap.
orderManagement.problem.subtitle	A notebook at the register, a WhatsApp chat, and a stack of delivery slips — that works until one busy Friday. Then orders slip through, and nobody knows what happened.
orderManagement.problem.items.unpaidForgotten.description	A customer pays half and promises the rest next week. Without a system that tracks due dates, that promise lives in someone's memory — and memories forget.
orderManagement.problem.items.noHistory.description	An order was cancelled, a discount was given, a payment was edited — by whom? When? Without an order history, every dispute turns into guesswork.
orderManagement.problem.items.manualReceipts.description	Writing receipts by hand or re-typing order details into WhatsApp wastes time at the busiest moment of the day — and looks unprofessional to customers.
orderManagement.features.subtitle	From the moment an order is created to the moment it is paid, delivered, and receipted — Cashvio records every step.
orderManagement.features.items.oneList.description	POS sales, online storefront orders, and manual orders your team enters — all in the same table with order number, customer, store, source, totals, and status.
orderManagement.features.items.orderDetails.description	Open any order to see its items, payments, refunds, notes, and delivery address — plus a timeline of every status change and action taken on the order.
orderManagement.features.items.overdue.description	One page lists every scheduled payment — on time, due soon, or overdue. Follow up before debts age, and update due dates when customers need more time.
orderManagement.features.items.whatsapp.description	Send the digital receipt or an order status update on WhatsApp in one tap. The message matches the order's current status — no setup, no API account, sent from your own WhatsApp.
orderManagement.features.items.filters.description	Filter by order number, status, date range, store, payment status, payment method, source, or sales channel — then export the filtered view to CSV for your accountant.
orderManagement.howItWorks.step2.description	Update the fulfillment status as the order moves — preparing, ready, delivering. Tap the WhatsApp button to tell the customer, with a message that matches the status.
orderManagement.howItWorks.step3.description	Record payments as they arrive — full, partial, or scheduled with a due date. Approve receipt-image payments after reviewing them. Print or send the receipt, and the order is done.
orderManagement.channels.pos.description	The full-screen sale view: browse the catalogue, pick variants, attach a customer, apply coupons or discounts, and take payment — cash with automatic change, online, or receipt.
orderManagement.channels.storefront.description	Storefront orders arrive with the customer's details, address, and chosen payment method. Cash and receipt payments arrive as pending — you approve them after checking.
orderManagement.channels.portal.description	Phone calls, WhatsApp messages, Instagram DMs — your team enters them as manual orders and tags the sales channel, so nothing lives only in a chat thread.
orderManagement.statuses.items.pending.meaning	The order is in — nobody has started on it yet
orderManagement.statuses.items.completed.meaning	The customer has the order — done
orderManagement.statuses.items.cancelled.meaning	Order cancelled — reserved stock goes back on the shelf
orderManagement.statuses.note	Payment status is tracked separately: Pending, Partial, Paid, Refunded — so you always know the money side too.
orderManagement.faq.items.q1.answer	Yes. Every order — from the POS, the online storefront, or entered manually by your team — appears in the same Sales list. Each order is tagged with its source, and you can filter by it.
orderManagement.faq.items.q2.answer	Cancelling a pending order returns the stock automatically — quantities go back to what they were before the order, as long as inventory tracking is enabled for those products.
orderManagement.faq.items.q4.answer	Open the Overdue Payments page. It lists every scheduled payment with its due date and status — on time, due soon, or overdue. From there, open the order to record the payment or push the due date.
orderManagement.faq.items.q5.answer	No. Cashvio opens WhatsApp with a ready message — the receipt link or a status update — and you press send from your own account. It works with any WhatsApp, personal or business, with nothing to configure.
orderManagement.faq.items.q7.answer	A receipt payment is a bank or wallet transfer proven with an uploaded image. When a storefront customer pays this way, the payment arrives pending — you open the order, view the uploaded image, and confirm it to mark the payment complete.
orderManagement.faq.items.q8.answer	Yes. Apply any filters you want — dates, store, payment status, channel — and export the filtered view to CSV from the toolbar.
orderManagement.cta.description	Start free and see today's orders — from every channel — in a single list within minutes. No credit card required.
orderManagement.screenshot.caption	Live view — orders
orderManagement.screenshot.companionCaption	Live view — orders on mobile
customerManagement.hero.subtitle	A customer profile starts with just a phone number. From there, Cashvio tracks every visit, every order, every address, and every pound of store credit — so when a regular walks in, you already know their story.
customerManagement.problem.items.noHistory.description	A customer asks about something they bought two months ago — the color, the size, the price. Without order history under their name, you simply cannot answer.
customerManagement.features.subtitle	You do not fill in forms all day. Profiles build themselves from real orders — you just attach the customer at checkout.
customerManagement.features.items.quickProfiles.description	The phone number is the only required field. Name, birth date, and notes are optional — add them when you learn them. Create customers from the customer page, the POS, or the dashboard.
customerManagement.features.items.stats.description	Every customer shows total visits, total spent, store credit balance, and their last visit date — updated automatically with every order they place.
customerManagement.features.items.addresses.description	Save multiple addresses per customer — apartment, house, or office — with region, street, floor, and delivery instructions. The default address fills in automatically on delivery orders.
customerManagement.features.items.notes.description	Keep notes only your team can see — preferences, allergies, special instructions, or how they like their order packed. Small details that make customers feel known.
customerManagement.features.items.recordVisit.description	Log purchases that happened outside the system — sales from before Cashvio, or offline sales — so a customer's totals reflect their real history with your shop.
customerManagement.features.items.newOrder.description	A New Order button on every customer's page opens the sale screen with that customer already attached — their credit balance visible and their address ready.
customerManagement.storeCredit.subtitle	Instead of handing cash back out of the drawer, offer credit that keeps the money in your business — tracked to the pound.
customerManagement.storeCredit.refund.description	When you process a refund, choose Store Credit as the method — the amount is added to the customer's balance the moment the refund is processed.
customerManagement.storeCredit.automatic.description	The balance is managed entirely by orders and refunds — nobody can fat-finger it. It shows green on the customer list, so the whole team sees it at a glance.
customerManagement.faq.items.q1.answer	Just a phone number. Name, date of birth, notes, and address are all optional — you can add them later as you get to know the customer.
customerManagement.faq.items.q2.answer	Yes. Customers are optional on every sale. Attach one when you want the order on their record — for history, store credit, or delivery.
customerManagement.faq.items.q3.answer	Issue a refund and choose Store Credit as the refund method. The amount is added to their balance automatically when the refund is processed. There is no manual "add credit" button — every credit comes from a real, recorded refund.
customerManagement.faq.items.q5.answer	Yes — save as many as needed (apartment, house, office) and mark one as the default. On delivery orders, the default fills in automatically, and you can switch to any saved address.
customerManagement.cta.description	Create your free account and attach a customer to your next sale — that is all it takes to start building real customer records.
customerManagement.screenshot.caption	Live view — customers
salesAnalytics.hero.subtitle	Revenue, profit, best sellers, peak hours, staff performance — six ready reports built from your real sales. Every number compares itself to the previous period, and the Insights tab tells you in plain words what to do about it.
salesAnalytics.problem.items.gutFeeling.description	Which products to reorder, when to schedule staff, what to put on sale — most shops guess. Guessing works until a competitor stops guessing.
salesAnalytics.problem.items.hiddenPatterns.description	Which product actually carries the shop? Which hours are dead? What sells on weekends? The data exists in your sales — but not in a form you can read.
salesAnalytics.tabs.subtitle	Reports build themselves from your sales — open the Reports page and they are simply there.
salesAnalytics.tabs.items.overview.description	Revenue, gross profit, orders, average order value, items sold, discounts, tax, and new customers — each with its change versus the previous period.
salesAnalytics.tabs.items.insights.description	Health scores per area, issues that need attention now, opportunities, recent wins — each with concrete recommended actions.
salesAnalytics.features.items.byChannel.description	Storefront, portal, Instagram, WhatsApp, phone orders — see which channels actually bring revenue before you spend another marketing pound.
salesAnalytics.features.items.byPayment.description	How customers actually pay — cash, online, receipt transfers, store credit — so drawer counts and settlement reports stop being surprises.
salesAnalytics.features.items.storeVisits.description	Unique, new, and returning visitors to your online store — see whether your store is getting discovered and who comes back.
salesAnalytics.features.items.csvExport.description	Export the sales data behind the Overview tab to CSV — for your accountant, your spreadsheet, or your own deeper analysis.
salesAnalytics.insights.subtitle	The Insights tab analyzes your sales, products, customers, and returns — then talks to you like a sharp business partner, not a dashboard.
salesAnalytics.insights.items.health.description	One overall business health score, plus per-area scores for revenue, products, customers, profit, stores, and returns — know at a glance where it hurts.
salesAnalytics.insights.items.attention.description	Critical issues surfaced automatically — a high discount rate, a product bleeding margin, a spike in returns — before they show up in your bank balance.
salesAnalytics.insights.items.actions.description	Every insight comes with concrete recommendations, the expected impact, and a priority — so the next step is decided, not debated.
salesAnalytics.howItWorks.step2.description	Open Reports, choose day, week, month, or a custom range. Every metric shows its change versus the previous period — up, down, and by how much.
salesAnalytics.howItWorks.step3.description	Read the Insights tab like a briefing: what needs attention, what to double down on, and what to fix — each with a recommended action.
salesAnalytics.faq.items.q2.answer	Profit uses the cost price you set on each product variant: selling price minus cost. Keep cost prices up to date — especially when supplier prices change — and your margins stay honest.
salesAnalytics.faq.items.q3.answer	Yes, automatically. Every metric shows its change versus the previous period — pick month view and each number compares against the month before.
salesAnalytics.faq.items.q6.answer	It converts your numbers into plain-language guidance: health scores per area, critical issues, warnings, opportunities, and recent wins — each with recommended actions, expected impact, and priority.
salesAnalytics.cta.description	Create a free account, make a few sales, and open Reports — your first real numbers are minutes away.
salesAnalytics.screenshot.caption	Live view — analytics
purchaseOrders.problem.subtitle	A voice note to the supplier, a price agreed on the phone, a delivery checked by memory — until quantities do not match and nobody can prove anything.
purchaseOrders.problem.items.uncheckedDeliveries.description	Boxes arrive, someone shelves them, and the count in your head becomes the count in your stock. Missing items are discovered weeks later — too late to claim.
purchaseOrders.features.subtitle	From "we are running low" to "it is on the shelf" — every step has a record, a status, and a number.
purchaseOrders.features.items.wizard.description	Pick the store and supplier, add products with quantities and agreed unit costs, then set the expected delivery date, delivery fees, and notes. Done — the PO is created as a draft.
purchaseOrders.features.items.statuses.description	Draft, Approved, Partially Received, Completed, Cancelled — every purchase order tells you exactly where it stands at a glance.
purchaseOrders.features.items.approval.description	Approving a PO requires typing APPROVE — a small speed bump that prevents expensive accidental orders. Cancelling works the same way.
purchaseOrders.features.items.receiving.description	When a delivery arrives, enter what actually came — item by item. The PO tracks ordered, received, and remaining counts until everything is in.
purchaseOrders.features.items.suppliers.description	Keep every supplier's name, phone, email, and address in one place — and pick them in one tap when creating a purchase order.
purchaseOrders.features.items.history.description	Open a supplier to see every purchase order you ever placed with them — quantities, costs, and statuses. Negotiate the next price knowing the last five.
purchaseOrders.features.items.filters.description	Find any PO by number, store, supplier, status, or date range — no more digging through paper files or chat threads.
purchaseOrders.howItWorks.step2.description	Review the draft and approve it by typing APPROVE. The order is now official — waiting for delivery, visible to your team, and impossible to lose.
purchaseOrders.howItWorks.step3.description	When boxes arrive, enter the received quantity per item — all of it or just what came. Stock goes up instantly, and the PO closes itself when everything is in.
purchaseOrders.effects.items.created.effect	Nothing changes — it is a record of intent, not stock
purchaseOrders.effects.items.cancelled.effect	Nothing changes — the order is voided with no stock movement
purchaseOrders.faq.items.q1.answer	Yes. Enter the quantity that actually arrived per item — the PO becomes Partially Received and keeps tracking the remaining quantities until everything is in, then completes itself.
purchaseOrders.faq.items.q2.answer	No. Creating and approving a PO changes nothing in inventory — it is a record of what you ordered. Stock only increases when you receive it, by the quantities you actually received.
purchaseOrders.faq.items.q4.answer	Yes. The supplier's page shows their full purchase order history — with the same view, approve, cancel, and receive actions as the main PO list — plus a button to start a new PO with them pre-selected.
purchaseOrders.faq.items.q8.answer	Yes. Purchase order permissions are fine-grained — view, create, edit, approve, receive, and cancel are separate permissions you assign per role.
purchaseOrders.cta.description	Create your free account, add your suppliers, and place your first purchase order — the days of restocking by memory are over.
purchaseOrders.screenshot.caption	Live view — purchase orders
returnsAndRefunds.hero.subtitle	A clear process for the least fun part of retail: item-level returns with recorded reasons, control over what goes back on the shelf, an approval step, and four refund methods — including store credit that keeps the money in your business.
returnsAndRefunds.problem.subtitle	Every shop gets returns. The damage is not the return itself — it is the missing record, the wrong stock count, and the cash that left the drawer with no trace.
returnsAndRefunds.problem.items.noProcess.description	No process means whoever is at the counter decides. One employee refunds everything, another refuses everything — and customers learn to argue.
returnsAndRefunds.returnTypes.items.returnOnly.description	Goods come back with no money out — an exchange, a warranty case, or store policy. Inventory is corrected without touching the cash.
returnsAndRefunds.returnTypes.items.refundOnly.description	Money goes back with no goods returned — a compensation, a goodwill gesture, or an item the customer keeps. The refund is recorded against the order.
returnsAndRefunds.features.subtitle	Item by item, reason by reason — the return flow asks the right questions so your stock and your money stay correct.
returnsAndRefunds.features.items.restockControl.description	Decide per item whether it goes back into sellable stock. Damaged, expired, or contaminated items are marked with a non-restock reason instead — never resold by accident.
returnsAndRefunds.features.items.restockingFee.description	Charge a restocking fee on returned items when your policy calls for it — recorded on the return, deducted from the refund.
returnsAndRefunds.features.items.reasons.description	Every return carries a reason — changed mind, wrong item, defective, damaged, size issue, and more. Reasons feed the Returns report so patterns become visible.
returnsAndRefunds.features.items.approval.description	Returns are created as pending, then approved, rejected, or cancelled — rejections and cancellations require a written reason. Stock only moves on approval.
returnsAndRefunds.features.items.approval.subs	Pending → Approved • Reject With Reason • Audit Trail
returnsAndRefunds.features.items.pendingProcess.description	Creating a refund does not move money by itself. A pending refund is processed explicitly — or cancelled with a reason — so the books match the drawer.
returnsAndRefunds.features.items.pendingProcess.subs	Pending → Completed • Explicit Processing • Cancel With Reason
returnsAndRefunds.howItWorks.step2.description	A pending return is reviewed and approved — or rejected with a written reason. On approval, restockable items go back into inventory automatically.
returnsAndRefunds.howItWorks.step3.description	Create the refund — full or partial — pick the method, and process it. Store credit refunds land on the customer's balance the moment they are processed.
returnsAndRefunds.refundMethods.items.cash.when	The customer paid cash and wants cash back — straight from the drawer, recorded
returnsAndRefunds.refundMethods.items.online.when	Refunding a digital payment — available when the original payment was online
returnsAndRefunds.refundMethods.items.storeCredit.when	The refund becomes balance on the customer's account — money stays in your business
returnsAndRefunds.faq.items.q1.answer	Yes — that is the Refund Only type. Money is returned against the order with no return record and no inventory movement. Useful for compensations and goodwill gestures.
returnsAndRefunds.faq.items.q2.answer	Yes — Return Only. The items are returned and restocked (or marked non-restockable) with no money out. Useful for exchanges and warranty flows.
returnsAndRefunds.faq.items.q4.answer	No — returns and refunds are separate deliberate steps. Approving a return settles the goods; you then create and process a refund to settle the money. Nothing moves by accident.
returnsAndRefunds.faq.items.q5.answer	Choose Store Credit as the refund method (the order must have a customer attached). When the refund is processed, the amount is added to the customer's balance — which they can spend on any future order.
returnsAndRefunds.faq.items.q7.answer	Yes. When restocking a returned item you can add a restocking fee — it is recorded on the return and reflected in the refund amount.
returnsAndRefunds.faq.items.q8.answer	Yes. The Returns report shows your return rate, the reasons breakdown, the most-returned products, and the total value of returns — so recurring problems surface instead of repeating.
returnsAndRefunds.cta.description	A clear process, correct stock, and refunds with a paper trail — set it up free in minutes.
returnsAndRefunds.screenshot.caption	Live view — returns
multiStoreManagement.hero.subtitle	Each branch keeps its own stock, prices, payment methods, and receipts — and you see all of them from one dashboard. Transfer stock between stores, limit staff to their branch, and compare branches side by side.
multiStoreManagement.problem.subtitle	One shop fits in your head. Two do not. The moment you open a second branch, every question — stock, prices, staff, numbers — has two answers that do not talk to each other.
multiStoreManagement.problem.items.stockBlindness.description	A customer wants a size that is out here — is it available downtown? Without shared visibility, the answer is a phone call, a wait, and often a lost sale.
multiStoreManagement.problem.items.priceDrift.description	A price update reaches one branch and not the other. Customers notice before you do — and it never feels good to explain.
multiStoreManagement.features.items.oneAccount.description	Add branches as your plan allows — a shop, a warehouse, a kiosk. Your first store is created automatically when you sign up; the rest take a minute each.
multiStoreManagement.features.items.perStorePricing.description	Set store-specific prices per product variant when branches serve different areas or customer segments — deliberately, not by accident.
multiStoreManagement.features.items.transfers.description	Move inventory from one branch to another with a recorded transfer — quantities leave one store, arrive at the other, and the trail is kept.
multiStoreManagement.features.items.perStoreConfig.description	Currency, payment methods, fulfillment options, delivery zones, service fees, receipt content, and sales channels — all configured per store.
multiStoreManagement.features.items.scopedRoles.description	Assign roles business-wide or scoped to a single store. A cashier in the downtown branch sees downtown — nothing else.
multiStoreManagement.howItWorks.subtitle	The setup is minutes, not weeks — because everything you built for the first store carries over.
multiStoreManagement.howItWorks.step1.description	Name, currency, contact details, address — save, and the branch exists with its own automatically generated store code.
multiStoreManagement.howItWorks.step2.description	Enable its payment methods, set fulfillment options and delivery zones, adjust receipt details, and stock it — fresh, or by transferring from another branch.
multiStoreManagement.howItWorks.step3.description	Staff sell in their own branch; you watch all branches from one dashboard — stock, orders, and revenue per store, compared automatically.
multiStoreManagement.perStore.title	What Is Separate Per Store — and What Is Shared
multiStoreManagement.perStore.items.catalogue.scope	Shared — define products once, sell them in any store
multiStoreManagement.perStore.items.inventory.scope	Per store — every variant has its own stock count in each branch
multiStoreManagement.perStore.items.payments.scope	Per store — each branch enables what it accepts
multiStoreManagement.perStore.items.fulfillment.scope	Per store — pickup, delivery areas, and fees per branch
multiStoreManagement.perStore.items.receipts.scope	Per store — each branch prints its own details
multiStoreManagement.perStore.items.channels.scope	Per store — enable channels per branch
multiStoreManagement.perStore.items.staff.scope	Your choice — business-wide or scoped to one store
multiStoreManagement.faq.items.q1.answer	It depends on your plan — each plan includes a number of stores. Your first store is created automatically when you sign up, and you can add more from Settings as your plan allows.
multiStoreManagement.faq.items.q2.answer	Yes. Stock transfers move quantities between stores with a full record — what moved, from where, to where, and when. No spreadsheet reconciliation.
multiStoreManagement.faq.items.q4.answer	Yes. Currency is set per store — useful when branches operate in different markets.
multiStoreManagement.faq.items.q6.answer	Yes. Reports break down by store — revenue share per branch, plus filters across orders and inventory. Click a branch in the Sales by Store chart to open its orders.
multiStoreManagement.faq.items.q7.answer	The branch stops accepting new activity but loses nothing — its history, stock records, and settings stay intact. You can reactivate it any time.
multiStoreManagement.cta.description	Start free with your first store — and when the second branch opens, it takes minutes to bring it in.
multiStoreManagement.screenshot.caption	Live view — stores
teamManagement.hero.subtitle	Stop sharing the owner's password. Give each team member their own account with exactly the permissions their job needs — a cashier sells, an accountant sees money, a warehouse worker touches stock — and every action is recorded under their name.
teamManagement.problem.items.sharedLogin.description	The whole team on one login means every employee can see profits, change prices, delete products, and cancel orders — whether they should or not.
teamManagement.problem.items.allOrNothing.description	You want the new hire to ring up sales — not to see revenue reports or edit the catalogue. Without roles, you cannot give one without the other.
teamManagement.problem.items.exStaffRisk.description	Someone leaves, and the password they know still works. Changing it means telling everyone the new one — and the cycle repeats.
teamManagement.features.items.invite.description	Enter their name, email, username, and role. Cashvio generates a temporary password you hand over yourself — no invitation emails to get lost, and you can reset it any time.
teamManagement.features.items.permissions.description	Permissions follow an action-on-resource model: view orders, create products, approve purchase orders, process refunds — grant exactly what each role needs, nothing more.
teamManagement.features.items.systemRoles.description	Tenant Admin for full access, Cashier for day-to-day selling, Accountant for financial visibility — usable from day one, no configuration needed.
teamManagement.features.items.customRoles.description	Create as many roles as your team needs — a Warehouse Staff role limited to inventory and purchase orders, a Supervisor role that can cancel orders. Name it, tick the permissions, save.
teamManagement.features.items.adaptiveUI.description	Team members only see the menus, buttons, and quick actions their permissions allow. No forbidden buttons, no confusion — a cashier's screen is a cashier's screen.
teamManagement.features.items.deactivate.description	Someone leaving? Deactivate their account — login blocked instantly, history intact. If they come back, reactivate in one click.
teamManagement.howItWorks.step1.description	Start with a ready-made role — Cashier, Accountant — or create a custom one and tick exactly the permissions the job needs.
teamManagement.howItWorks.step2.description	Enter their details, assign the role — business-wide or scoped to one store — and hand them the temporary password Cashvio generates.
teamManagement.howItWorks.step3.description	They log in and see only their job. Orders, adjustments, and returns they create carry their name — and the Staff report shows how everyone performs.
teamManagement.permissionGroups.subtitle	Each resource has its own set of actions — grant them per role, and View is included automatically whenever you grant an action.
teamManagement.faq.items.q1.answer	No. Cashvio generates a temporary password and shows it once with a copy button — you share it with the team member yourself, in person or through a channel you trust. If it is lost, set a new password from their profile.
teamManagement.faq.items.q2.answer	Their username or email plus their password. Each person has their own credentials — the owner's password stays with the owner.
teamManagement.faq.items.q4.answer	Three system roles ship with Cashvio: Tenant Admin (full access), Cashier (day-to-day selling), and Accountant (financial visibility). They cannot be edited — but you can create unlimited custom roles alongside them.
teamManagement.faq.items.q5.answer	Yes — grant only the View permission for that resource. Granting any action (create, edit, delete) automatically includes View, because nobody can edit what they cannot see.
teamManagement.faq.items.q6.answer	Deactivate their account — their login stops working immediately, and everything they ever created keeps their name for your records. Reactivate any time if they return.
teamManagement.faq.items.q8.answer	Yes. The Staff report shows revenue per team member, orders processed per person, and performance trends — useful for scheduling, targets, and rewards.
teamManagement.screenshot.caption	Live view — store team workspace
tools.hero.subtitle	A barcode generator, a QR code generator, and a profit-margin calculator — free, in your browser, no signup needed.
tools.items.margin.description	See profit, margin, and markup from your numbers — or work backwards from a target margin to a price.
tools.cta.subtitle	Cashvio gives you a free POS, a free online store, inventory, and profit reports — these tools are just the warm-up.
tools.cta.note	Free forever plan — no credit card needed
barcodeGenerator.tool.formats.CODE128	Code 128 — any text, best for SKUs
barcodeGenerator.tool.formats.EAN13	EAN-13 — retail standard, 12–13 digits
barcodeGenerator.tool.ean13Hint	Enter 12 digits and the check digit is computed for you — or 13 digits with a valid check digit.
barcodeGenerator.pitch.subtitle	Cashvio turns your product catalog into printable A4 label sheets — and every scan at the register updates your stock.
barcodeGenerator.pitch.p3.description	Every scanned sale adjusts inventory automatically — no counting notebooks.
barcodeGenerator.faq.q1.answer	Yes — generate and download as many barcodes as you like. No watermark, no account, no limits.
barcodeGenerator.faq.q2.answer	Use Code 128 for internal SKUs — it accepts letters and numbers and scans reliably on any modern scanner. Use EAN-13 only when you need the 13-digit retail standard.
barcodeGenerator.cta.subtitle	Import your products into Cashvio and print whole barcode label sheets in one click — on the free plan.
barcodeGenerator.cta.note	Free forever plan — no credit card needed
qrCodeGenerator.hero.subtitle	Make a QR code for your store link, WhatsApp number, or menu — and download a high-resolution PNG that stays scannable in print.
qrCodeGenerator.steps.s3.description	Pick a size — bigger prints need bigger sizes — and save the PNG.
qrCodeGenerator.pitch.subtitle	Cashvio gives your shop a free online store — and prints the QR materials for you.
qrCodeGenerator.pitch.p1.description	Your products on your own store link, ready to take orders — live in minutes.
qrCodeGenerator.pitch.p3.description	Printed receipts carry a QR to the digital receipt — customers keep the link, you look professional.
qrCodeGenerator.faq.q1.answer	Free and unlimited — and the codes never expire, because the image itself encodes your text permanently.
qrCodeGenerator.faq.q3.answer	Yes — paste a wa.me link with your number and the code opens a chat with you when scanned.
qrCodeGenerator.cta.note	Free forever plan — no credit card needed
marginCalculator.hero.subtitle	See profit, margin, and markup from your cost and price — or set a target margin and get the selling price to charge.
marginCalculator.tool.sellingBelowCost	You're selling below cost — this price loses money.
marginCalculator.tool.marginTooHigh	Margin must be below 100% — no selling price can reach it.
marginCalculator.steps.s1.description	Include what the unit truly costs you — purchase price, packaging, delivery to your shop.
marginCalculator.steps.s3.description	Profit per unit, margin (share of price), and markup (share of cost) — updated live.
marginCalculator.pitch.subtitle	Cashvio tracks the real numbers automatically — per product and per sale.
marginCalculator.pitch.p3.description	Profit reports show which products actually earn — not just which ones sell.
marginCalculator.faq.q2.answer	It depends on the category — groceries often run 10–25%, clothing and accessories 40–60%. Watch your own numbers per product rather than a universal rule.
marginCalculator.faq.q3.answer	Yes — it records cost and profit on every sale and shows margin per product in the profit report, on the free plan.
marginCalculator.cta.title	Know your real profit — automatically
marginCalculator.cta.note	Free forever plan — no credit card needed
industryCafe.hero.subtitle	Fast checkout, custom orders, and live order statuses — free for your coffee shop, juice bar, or dessert spot.
industryCafe.pains.p1.description	Handwritten orders slow the line — and slow lines lose customers who just want their coffee.
industryCafe.pains.p2.description	Extra shot, oat milk, no sugar — details scribbled on cups get missed and remade.
industryCafe.features.f3.description	Per-item notes — extra shot, less ice — print with the order so nothing gets remade.
industryCafe.features.f6.description	Sales and profit for the day — by product and by staff member.
industryCafe.faq.q1.answer	Yes — the POS runs in the browser on tablets, laptops, and phones. No special hardware required.
industryCafe.faq.q2.answer	Yes — the free plan includes an online store on your own link where customers browse the menu and order for pickup or delivery.
industryCafe.faq.q3.answer	Yes — thermal receipt printers are supported, plus digital receipts customers can open from a QR code.
industryCafe.cta.subtitle	Free for your cafe — no credit card, no sales call.
industryClothing.hero.subtitle	Variants, barcode labels, returns with store credit, and a free online boutique — built for fashion retail.
industryClothing.pains.p1.description	One t-shirt is really twelve products — S to XXL in four colors — and paper can't track which one sold.
industryClothing.pains.p2.description	Wrong-size returns without records turn into arguments — and quietly leak money.
industryClothing.features.f1.description	Sizes and colors as proper variants — each with its own SKU, stock count, and price.
industryClothing.features.f3.description	Accept returns with recorded reasons and refund to store credit — the money stays in your shop.
industryClothing.faq.q1.answer	Yes — upload a CSV or Excel file with the import wizard; it validates sizes, prices, and SKUs before anything is saved.
industryClothing.faq.q2.answer	Pick the items, record the reason, choose whether to restock, and refund by cash or store credit — every step is logged.
industryClothing.faq.q3.answer	Yes — the storefront shows availability per size and color, and out-of-stock variants can't be ordered.
industryClothing.cta.subtitle	Free for your boutique — start with your bestsellers today.
industryMinimarket.hero.subtitle	Scan-to-sell checkout, a digital credit book, low-stock alerts, and supplier orders — free for minimarkets and grocery shops.
industryMinimarket.pains.p1.description	Neighbors buy on credit, and the notebook decides your cash flow — until a page goes missing.
industryMinimarket.features.f1.description	Plug in a USB barcode scanner and fly through checkout — items ring up instantly.
industryMinimarket.features.f2.description	Sell now, collect later — partial payments, due dates, and an overdue list per customer.
industryMinimarket.features.f6.description	Daily sales and real profit after costs — by product and by cashier.
industryMinimarket.faq.q1.answer	Yes — any USB (keyboard-wedge) scanner works out of the box: scan, and the item lands in the ticket.
industryMinimarket.faq.q2.answer	Yes — record partial or pay-later sales with due dates, and see exactly who owes what in the overdue list.
industryMinimarket.faq.q3.answer	Yes — the free plan includes the POS, inventory, purchase orders, and reports, with unlimited products and orders.
industryMinimarket.cta.subtitle	The register, the stock, and the credit book — one free system.
